feature,mean
365nm,0.36313525427687277
405nm,0.40065930604216604
473nm,0.41450481717493554
530nm,0.4344695383603834
575nm,0.29813680637544276
621nm,0.43408942068751283
